{"cameraMode":{"drawMode":0,"name":"Shaded","section":"Shading Mode"},"sceneLighting":true,"audioPlay":false,"sceneViewState":{"showFog":true,"showMaterialUpdate":false,"showSkybox":true,"showFlares":true,"showImageEffects":true,"showParticleSystems":true},"in2DMode":false,"pivot":{"x":7.597010135650635,"y":2.012568473815918,"z":31.771148681640626},"rotation":{"x":-0.13450515270233155,"y":0.2589697241783142,"z":-0.03644417226314545,"w":-0.9557822346687317},"size":10.0,"orthographic":false}